data_year,state_abbr,officer_state_total
1977,AK,544
1977,AL,7380
1977,AR,3344
1977,AS,0
1977,AZ,6414
1977,CA,65596
1977,CO,7337
1977,CT,6051
1977,CZ,0
1977,DC,4751
1977,DE,1018
1977,FL,24588
1977,FS,0
1977,GA,11197
1977,GM,0
1977,HI,2679
1977,IA,4239
1977,ID,1803
1977,IL,30860
1977,IN,9414
1977,KS,4711
1977,KY,5068
1977,LA,9727
1977,MA,13862
1977,MD,11496
1977,ME,1788
1977,MI,21207
1977,MN,7178
1977,MO,12701
1977,MP,0
1977,MS,3255
1977,MT,1813
1977,NB,3304
1977,NC,10505
1977,ND,994
1977,NH,1484
1977,NJ,25082
1977,NM,2775
1977,NV,2645
1977,NY,53495
1977,OH,20665
1977,OK,5406
1977,OR,4867
1977,OT,0
1977,PA,22762
1977,PR,0
1977,RI,2240
1977,SC,5072
1977,SD,997
1977,TN,7625
1977,TX,26242
1977,UT,2131
1977,VA,9638
1977,VI,0
1977,VT,556
1977,WA,6431
1977,WI,10606
1977,WV,2500
1977,WY,954
1978,AK,715
1978,AL,7621
1978,AR,3510
1978,AS,0
1978,AZ,6727
1978,CA,64681
1978,CO,7687
1978,CT,6197
1978,CZ,0
1978,DC,4651
1978,DE,1045
1978,FL,26230
1978,FS,0
1978,GA,11733
1978,GM,0
1978,HI,2692
1978,IA,4399
1978,ID,2070
1978,IL,30807
1978,IN,9361
1978,KS,4827
1978,KY,5241
1978,LA,9803
1978,MA,14367
1978,MD,11071
1978,ME,1814
1978,MI,21850
1978,MN,7365
1978,MO,12837
1978,MP,0
1978,MS,3477
1978,MT,1836
1978,NB,3378
1978,NC,10614
1978,ND,1029
1978,NH,1585
1978,NJ,25638
1978,NM,2742
1978,NV,2772
1978,NY,53384
1978,OH,18125
1978,OK,5613
1978,OR,4739
1978,OT,0
1978,PA,22994
1978,PR,0
1978,RI,2262
1978,SC,5204
1978,SD,985
1978,TN,8710
1978,TX,27759
1978,UT,2441
1978,VA,9825
1978,VI,0
1978,VT,558
1978,WA,6608
1978,WI,10935
1978,WV,2876
1978,WY,1104
1979,AK,762
1979,AL,7864
1979,AR,3610
1979,AS,0
1979,AZ,7026
1979,CA,64790
1979,CO,8444
1979,CT,6181
1979,CZ,0
1979,DC,4583
1979,DE,1060
1979,FL,26383
1979,FS,0
1979,GA,11750
1979,GM,0
1979,HI,2669
1979,IA,5437
1979,ID,2052
1979,IL,32220
1979,IN,9407
1979,KS,4933
1979,KY,5265
1979,LA,10059
1979,MA,13928
1979,MD,11147
1979,ME,1871
1979,MI,21175
1979,MN,7456
1979,MO,13157
1979,MP,0
1979,MS,3590
1979,MT,1905
1979,NB,3457
1979,NC,11161
1979,ND,1051
1979,NH,1615
1979,NJ,25554
1979,NM,2922
1979,NV,3090
1979,NY,52158
1979,OH,19427
1979,OK,5834
1979,OR,4794
1979,OT,0
1979,PA,22724
1979,PR,0
1979,RI,2263
1979,SC,5334
1979,SD,1031
1979,TN,8825
1979,TX,28768
1979,UT,2603
1979,VA,10053
1979,VI,0
1979,VT,559
1979,WA,6818
1979,WI,11233
1979,WV,2877
1979,WY,1229
1980,AK,788
1980,AL,7851
1980,AR,3479
1980,AS,0
1980,AZ,7186
1980,CA,58037
1980,CO,7122
1980,CT,5962
1980,CZ,0
1980,DC,4138
1980,DE,886
1980,FL,26540
1980,FS,0
1980,GA,11777
1980,GM,0
1980,HI,2727
1980,IA,4547
1980,ID,1851
1980,IL,29979
1980,IN,9131
1980,KS,4785
1980,KY,5059
1980,LA,10259
1980,MA,13616
1980,MD,10492
1980,ME,1738
1980,MI,20147
1980,MN,6892
1980,MO,10319
1980,MP,0
1980,MS,2114
1980,MT,1259
1980,NB,2801
1980,NC,11436
1980,ND,1073
1980,NH,1622
1980,NJ,25060
1980,NM,3074
1980,NV,2783
1980,NY,55352
1980,OH,18847
1980,OK,5924
1980,OR,4759
1980,OT,0
1980,PA,22443
1980,PR,0
1980,RI,2278
1980,SC,5446
1980,SD,1019
1980,TN,9235
1980,TX,29697
1980,UT,2681
1980,VA,10589
1980,VI,0
1980,VT,562
1980,WA,7338
1980,WI,11504
1980,WV,2795
1980,WY,1375
1981,AK,838
1981,AL,7954
1981,AR,3643
1981,AS,0
1981,AZ,7382
1981,CA,60750
1981,CO,7915
1981,CT,6201
1981,CZ,0
1981,DC,4041
1981,DE,791
1981,FL,28598
1981,FS,0
1981,GA,12662
1981,GM,0
1981,HI,2816
1981,IA,4633
1981,ID,1904
1981,IL,31662
1981,IN,9538
1981,KS,4899
1981,KY,4953
1981,LA,10279
1981,MA,13001
1981,MD,10849
1981,ME,1861
1981,MI,18641
1981,MN,6982
1981,MO,10394
1981,MP,0
1981,MS,2547
1981,MT,1502
1981,NB,2839
1981,NC,11581
1981,ND,1120
1981,NH,1924
1981,NJ,25012
1981,NM,3151
1981,NV,2866
1981,NY,56105
1981,OH,18634
1981,OK,6082
1981,OR,4832
1981,OT,0
1981,PA,22271
1981,PR,0
1981,RI,2240
1981,SC,5466
1981,SD,1005
1981,TN,9266
1981,TX,30816
1981,UT,2712
1981,VA,10846
1981,VI,0
1981,VT,571
1981,WA,7444
1981,WI,11597
1981,WV,2833
1981,WY,1476
1982,AK,859
1982,AL,8035
1982,AR,3788
1982,AS,0
1982,AZ,7612
1982,CA,62113
1982,CO,8184
1982,CT,6302
1982,CZ,0
1982,DC,4385
1982,DE,878
1982,FL,31391
1982,FS,0
1982,GA,13036
1982,GM,0
1982,HI,2925
1982,IA,4614
1982,ID,1977
1982,IL,32079
1982,IN,9600
1982,KS,5102
1982,KY,4973
1982,LA,9295
1982,MA,13226
1982,MD,11107
1982,ME,1884
1982,MI,19463
1982,MN,6833
1982,MO,10439
1982,MP,0
1982,MS,3204
1982,MT,1536
1982,NB,2952
1982,NC,11814
1982,ND,1024
1982,NH,1954
1982,NJ,25498
1982,NM,3245
1982,NV,2918
1982,NY,56221
1982,OH,21132
1982,OK,6402
1982,OR,4778
1982,OT,0
1982,PA,22123
1982,PR,0
1982,RI,2280
1982,SC,5533
1982,SD,1009
1982,TN,9387
1982,TX,33014
1982,UT,2896
1982,VA,11161
1982,VI,0
1982,VT,595
1982,WA,7469
1982,WI,11887
1982,WV,2871
1982,WY,1610
1983,AK,1779
1983,AL,9506
1983,AR,4616
1983,AS,0
1983,AZ,9446
1983,CA,71833
1983,CO,9190
1983,CT,7887
1983,CZ,0
1983,DC,4385
1983,DE,1413
1983,FL,35472
1983,FS,0
1983,GA,15303
1983,GM,0
1983,HI,2973
1983,IA,5497
1983,ID,2185
1983,IL,35038
1983,IN,11249
1983,KS,5892
1983,KY,6741
1983,LA,12832
1983,MA,15231
1983,MD,13013
1983,ME,1776
1983,MI,21904
1983,MN,7621
1983,MO,12316
1983,MP,0
1983,MS,4780
1983,MT,1866
1983,NB,3559
1983,NC,13862
1983,ND,1232
1983,NH,2038
1983,NJ,28805
1983,NM,4134
1983,NV,3164
1983,NY,57493
1983,OH,23391
1983,OK,7752
1983,OR,5563
1983,OT,0
1983,PA,26587
1983,PR,0
1983,RI,2490
1983,SC,6615
1983,SD,1232
1983,TN,10732
1983,TX,40658
1983,UT,3600
1983,VA,13289
1983,VI,0
1983,VT,966
1983,WA,8742
1983,WI,12146
1983,WV,3008
1983,WY,1870
1984,AK,1450
1984,AL,9697
1984,AR,4667
1984,AS,0
1984,AZ,9890
1984,CA,73772
1984,CO,9507
1984,CT,8101
1984,CZ,0
1984,DC,4376
1984,DE,1458
1984,FL,36859
1984,FS,0
1984,GA,13971
1984,GM,0
1984,HI,3054
1984,IA,5231
1984,ID,2244
1984,IL,33691
1984,IN,11027
1984,KS,5990
1984,KY,6777
1984,LA,13329
1984,MA,15260
1984,MD,14063
1984,ME,2379
1984,MI,22225
1984,MN,7685
1984,MO,12321
1984,MP,0
1984,MS,4942
1984,MT,2018
1984,NB,3604
1984,NC,14114
1984,ND,1236
1984,NH,2070
1984,NJ,29278
1984,NM,4208
1984,NV,3299
1984,NY,65575
1984,OH,23251
1984,OK,7897
1984,OR,5593
1984,OT,0
1984,PA,26515
1984,PR,0
1984,RI,2515
1984,SC,6824
1984,SD,1186
1984,TN,11257
1984,TX,42547
1984,UT,3696
1984,VA,13673
1984,VI,0
1984,VT,992
1984,WA,9093
1984,WI,12407
1984,WV,3913
1984,WY,1908
1985,AK,1531
1985,AL,9917
1985,AR,4754
1985,AS,0
1985,AZ,10570
1985,CA,73830
1985,CO,9747
1985,CT,8158
1985,CZ,0
1985,DC,4341
1985,DE,1500
1985,FL,38639
1985,FS,0
1985,GA,16261
1985,GM,0
1985,HI,3045
1985,IA,5558
1985,ID,2253
1985,IL,33661
1985,IN,11697
1985,KS,6144
1985,KY,6977
1985,LA,13397
1985,MA,15436
1985,MD,14119
1985,ME,2416
1985,MI,23373
1985,MN,7992
1985,MO,12352
1985,MP,0
1985,MS,5096
1985,MT,2044
1985,NB,3651
1985,NC,14412
1985,ND,1271
1985,NH,2149
1985,NJ,30306
1985,NM,4432
1985,NV,3436
1985,NY,64907
1985,OH,23624
1985,OK,8100
1985,OR,5588
1985,OT,0
1985,PA,26339
1985,PR,0
1985,RI,2531
1985,SC,7153
1985,SD,1271
1985,TN,11520
1985,TX,45489
1985,UT,3841
1985,VA,14046
1985,VI,0
1985,VT,1056
1985,WA,9203
1985,WI,12323
1985,WV,3924
1985,WY,1923
1986,AK,1765
1986,AL,10401
1986,AR,4819
1986,AS,0
1986,AZ,11232
1986,CA,75853
1986,CO,9922
1986,CT,8273
1986,CZ,0
1986,DC,4414
1986,DE,1479
1986,FL,40631
1986,FS,0
1986,GA,16719
1986,GM,0
1986,HI,3035
1986,IA,5590
1986,ID,2341
1986,IL,34266
1986,IN,11923
1986,KS,6261
1986,KY,6997
1986,LA,13451
1986,MA,16095
1986,MD,14395
1986,ME,2416
1986,MI,24510
1986,MN,8100
1986,MO,12702
1986,MP,0
1986,MS,5184
1986,MT,2052
1986,NB,3643
1986,NC,14819
1986,ND,1222
1986,NH,2257
1986,NJ,31134
1986,NM,4461
1986,NV,3530
1986,NY,67043
1986,OH,23997
1986,OK,8001
1986,OR,5642
1986,OT,0
1986,PA,26127
1986,PR,0
1986,RI,2539
1986,SC,7523
1986,SD,1293
1986,TN,11847
1986,TX,47419
1986,UT,3786
1986,VA,14527
1986,VI,0
1986,VT,1066
1986,WA,9423
1986,WI,12378
1986,WV,3845
1986,WY,1890
1987,AK,1495
1987,AL,10447
1987,AR,4805
1987,AS,0
1987,AZ,11593
1987,CA,76296
1987,CO,10113
1987,CT,8693
1987,CZ,0
1987,DC,4528
1987,DE,1551
1987,FL,42976
1987,FS,0
1987,GA,17887
1987,GM,0
1987,HI,3146
1987,IA,5647
1987,ID,2445
1987,IL,34469
1987,IN,12127
1987,KS,6503
1987,KY,6980
1987,LA,13789
1987,MA,16647
1987,MD,14580
1987,ME,2465
1987,MI,24855
1987,MN,8437
1987,MO,12756
1987,MP,0
1987,MS,5264
1987,MT,1987
1987,NB,3684
1987,NC,15483
1987,ND,1233
1987,NH,2374
1987,NJ,31982
1987,NM,4609
1987,NV,3685
1987,NY,68579
1987,OH,24674
1987,OK,8066
1987,OR,5683
1987,OT,0
1987,PA,26308
1987,PR,0
1987,RI,2636
1987,SC,7909
1987,SD,1315
1987,TN,12469
1987,TX,48602
1987,UT,3741
1987,VA,14921
1987,VI,0
1987,VT,1116
1987,WA,9452
1987,WI,12094
1987,WV,3737
1987,WY,1797
1988,AK,1540
1988,AL,10715
1988,AR,4953
1988,AS,0
1988,AZ,10323
1988,CA,72805
1988,CO,10168
1988,CT,8826
1988,CZ,0
1988,DC,4638
1988,DE,1756
1988,FL,45227
1988,FS,0
1988,GA,19041
1988,GM,0
1988,HI,3190
1988,IA,5695
1988,ID,2478
1988,IL,36273
1988,IN,12330
1988,KS,6780
1988,KY,6969
1988,LA,13703
1988,MA,16977
1988,MD,15064
1988,ME,2602
1988,MI,24023
1988,MN,8628
1988,MO,13004
1988,MP,0
1988,MS,5469
1988,MT,1992
1988,NB,3793
1988,NC,15996
1988,ND,1244
1988,NH,2531
1988,NJ,33180
1988,NM,4541
1988,NV,3931
1988,NY,70929
1988,OH,25249
1988,OK,7963
1988,OR,5915
1988,OT,0
1988,PA,25845
1988,PR,0
1988,RI,2678
1988,SC,8135
1988,SD,1326
1988,TN,12966
1988,TX,49706
1988,UT,3703
1988,VA,15564
1988,VI,0
1988,VT,1169
1988,WA,9693
1988,WI,12685
1988,WV,3677
1988,WY,1831
1989,AK,1480
1989,AL,11021
1989,AR,5113
1989,AS,0
1989,AZ,12286
1989,CA,83459
1989,CO,10315
1989,CT,8824
1989,CZ,0
1989,DC,4716
1989,DE,1862
1989,FL,48497
1989,FS,0
1989,GA,20337
1989,GM,0
1989,HI,3311
1989,IA,5796
1989,ID,2537
1989,IL,36329
1989,IN,12667
1989,KS,6967
1989,KY,7175
1989,LA,13996
1989,MA,17088
1989,MD,15451
1989,ME,2648
1989,MI,25498
1989,MN,8991
1989,MO,13364
1989,MP,0
1989,MS,5498
1989,MT,2029
1989,NB,3903
1989,NC,16734
1989,ND,1250
1989,NH,2580
1989,NJ,33795
1989,NM,4623
1989,NV,4213
1989,NY,71484
1989,OH,25865
1989,OK,8389
1989,OR,6024
1989,OT,0
1989,PA,26332
1989,PR,0
1989,RI,2719
1989,SC,8517
1989,SD,1298
1989,TN,13545
1989,TX,52392
1989,UT,3698
1989,VA,16192
1989,VI,0
1989,VT,1287
1989,WA,10181
1989,WI,12941
1989,WV,3679
1989,WY,1838
1990,AK,1504
1990,AL,11457
1990,AR,5377
1990,AS,0
1990,AZ,12690
1990,CA,86649
1990,CO,10569
1990,CT,9074
1990,CZ,0
1990,DC,5521
1990,DE,2355
1990,FL,50942
1990,FS,0
1990,GA,21376
1990,GM,0
1990,HI,3446
1990,IA,5969
1990,ID,2568
1990,IL,38588
1990,IN,12938
1990,KS,7370
1990,KY,7450
1990,LA,14515
1990,MA,17018
1990,MD,16186
1990,ME,2625
1990,MI,25248
1990,MN,9225
1990,MO,13871
1990,MP,0
1990,MS,5669
1990,MT,2038
1990,NB,3982
1990,NC,18083
1990,ND,1252
1990,NH,2595
1990,NJ,34267
1990,NM,4690
1990,NV,4464
1990,NY,71422
1990,OH,26751
1990,OK,8646
1990,OR,6246
1990,OT,0
1990,PA,27088
1990,PR,0
1990,RI,2808
1990,SC,9018
1990,SD,1427
1990,TN,14219
1990,TX,55067
1990,UT,3789
1990,VA,17030
1990,VI,0
1990,VT,1209
1990,WA,10949
1990,WI,13178
1990,WV,3636
1990,WY,1879
1991,AK,1648
1991,AL,13624
1991,AR,5628
1991,AS,0
1991,AZ,12906
1991,CA,89401
1991,CO,11996
1991,CT,8727
1991,CZ,0
1991,DC,5148
1991,DE,2377
1991,FL,52413
1991,FS,0
1991,GA,23972
1991,GM,0
1991,HI,3569
1991,IA,6755
1991,ID,2931
1991,IL,39548
1991,IN,13251
1991,KS,7567
1991,KY,7638
1991,LA,15021
1991,MA,16446
1991,MD,16767
1991,ME,2555
1991,MI,25128
1991,MN,9436
1991,MO,13877
1991,MP,0
1991,MS,5701
1991,MT,2124
1991,NB,4045
1991,NC,20971
1991,ND,1419
1991,NH,2568
1991,NJ,34146
1991,NM,5021
1991,NV,4159
1991,NY,71786
1991,OH,27240
1991,OK,9753
1991,OR,6303
1991,OT,0
1991,PA,27607
1991,PR,0
1991,RI,2791
1991,SC,9965
1991,SD,1457
1991,TN,14467
1991,TX,58618
1991,UT,5292
1991,VA,19158
1991,VI,0
1991,VT,1236
1991,WA,11405
1991,WI,13899
1991,WV,3743
1991,WY,1906
1992,AK,1576
1992,AL,13844
1992,AR,5795
1992,AS,0
1992,AZ,13044
1992,CA,88662
1992,CO,11487
1992,CT,8826
1992,CZ,0
1992,DC,5207
1992,DE,2428
1992,FL,53423
1992,FS,0
1992,GA,26099
1992,GM,0
1992,HI,3678
1992,IA,7259
1992,ID,3672
1992,IL,38831
1992,IN,13492
1992,KS,7991
1992,KY,8890
1992,LA,15252
1992,MA,17017
1992,MD,16203
1992,ME,2601
1992,MI,25370
1992,MN,9467
1992,MO,14148
1992,MP,0
1992,MS,6030
1992,MT,2230
1992,NB,4032
1992,NC,22420
1992,ND,1546
1992,NH,2571
1992,NJ,34332
1992,NM,5225
1992,NV,4795
1992,NY,73493
1992,OH,28805
1992,OK,9305
1992,OR,6283
1992,OT,0
1992,PA,27276
1992,PR,0
1992,RI,2740
1992,SC,10178
1992,SD,1486
1992,TN,14810
1992,TX,60115
1992,UT,4343
1992,VA,19325
1992,VI,0
1992,VT,1216
1992,WA,11869
1992,WI,14634
1992,WV,3814
1992,WY,1899
1993,AK,1697
1993,AL,12639
1993,AR,6005
1993,AS,0
1993,AZ,13475
1993,CA,87204
1993,CO,12788
1993,CT,8878
1993,CZ,0
1993,DC,5222
1993,DE,2647
1993,FL,56736
1993,FS,0
1993,GA,29894
1993,GM,0
1993,HI,3672
1993,IA,7041
1993,ID,3027
1993,IL,46998
1993,IN,13705
1993,KS,8229
1993,KY,9016
1993,LA,15931
1993,MA,17510
1993,MD,16659
1993,ME,2670
1993,MI,25507
1993,MN,10296
1993,MO,14422
1993,MP,0
1993,MS,6349
1993,MT,2254
1993,NB,4086
1993,NC,23116
1993,ND,1447
1993,NH,2593
1993,NJ,34490
1993,NM,4943
1993,NV,4789
1993,NY,74605
1993,OH,29491
1993,OK,9128
1993,OR,6410
1993,OT,0
1993,PA,27140
1993,PR,0
1993,RI,2792
1993,SC,10390
1993,SD,1492
1993,TN,15135
1993,TX,63048
1993,UT,5436
1993,VA,21067
1993,VI,0
1993,VT,1288
1993,WA,12349
1993,WI,14968
1993,WV,3756
1993,WY,1712
1994,AK,1651
1994,AL,12885
1994,AR,6433
1994,AS,0
1994,AZ,13701
1994,CA,88807
1994,CO,13950
1994,CT,8996
1994,CZ,0
1994,DC,4780
1994,DE,2689
1994,FL,60979
1994,FS,0
1994,GA,43978
1994,GM,0
1994,HI,3581
1994,IA,7031
1994,ID,2891
1994,IL,50760
1994,IN,14080
1994,KS,8494
1994,KY,9127
1994,LA,16884
1994,MA,19037
1994,MD,17414
1994,ME,2629
1994,MI,26111
1994,MN,10518
1994,MO,15107
1994,MP,0
1994,MS,6844
1994,MT,2259
1994,NB,4176
1994,NC,24450
1994,ND,1430
1994,NH,2636
1994,NJ,34813
1994,NM,5074
1994,NV,5155
1994,NY,76400
1994,OH,30852
1994,OK,9239
1994,OR,6701
1994,OT,0
1994,PA,27850
1994,PR,0
1994,RI,2893
1994,SC,10704
1994,SD,1625
1994,TN,16122
1994,TX,65811
1994,UT,5504
1994,VA,20688
1994,VI,0
1994,VT,1206
1994,WA,12301
1994,WI,15133
1994,WV,3899
1994,WY,1645
1995,AK,1771
1995,AL,13487
1995,AR,6921
1995,AS,0
1995,AZ,14684
1995,CA,92401
1995,CO,16039
1995,CT,9139
1995,CZ,0
1995,DC,4349
1995,DE,2697
1995,FL,62909
1995,FS,0
1995,GA,46624
1995,GM,0
1995,HI,3509
1995,IA,6859
1995,ID,3080
1995,IL,42420
1995,IN,14344
1995,KS,8781
1995,KY,9381
1995,LA,17555
1995,MA,19074
1995,MD,17463
1995,ME,2682
1995,MI,29436
1995,MN,10882
1995,MO,15612
1995,MP,0
1995,MS,7205
1995,MT,2399
1995,NB,4352
1995,NC,25421
1995,ND,1538
1995,NH,2689
1995,NJ,35372
1995,NM,5356
1995,NV,5410
1995,NY,84855
1995,OH,31817
1995,OK,9971
1995,OR,8245
1995,OT,0
1995,PA,28349
1995,PR,0
1995,RI,2894
1995,SC,12789
1995,SD,1688
1995,TN,16463
1995,TX,68363
1995,UT,6471
1995,VA,22885
1995,VI,0
1995,VT,1273
1995,WA,12662
1995,WI,15677
1995,WV,3995
1995,WY,1676
1996,AK,1809
1996,AL,14171
1996,AR,7286
1996,AS,0
1996,AZ,15595
1996,CA,97178
1996,CO,17891
1996,CT,10759
1996,CZ,0
1996,DC,4391
1996,DE,2715
1996,FL,63080
1996,FS,0
1996,GA,45863
1996,GM,0
1996,HI,3580
1996,IA,7184
1996,ID,3426
1996,IL,42995
1996,IN,14891
1996,KS,8990
1996,KY,9681
1996,LA,17991
1996,MA,20497
1996,MD,17572
1996,ME,2693
1996,MI,29662
1996,MN,11221
1996,MO,16046
1996,MP,0
1996,MS,7512
1996,MT,2498
1996,NB,4381
1996,NC,26474
1996,ND,1601
1996,NH,2805
1996,NJ,35780
1996,NM,5441
1996,NV,5697
1996,NY,86052
1996,OH,33049
1996,OK,9811
1996,OR,7364
1996,OT,0
1996,PA,28624
1996,PR,0
1996,RI,2881
1996,SC,11493
1996,SD,1748
1996,TN,17636
1996,TX,69822
1996,UT,6827
1996,VA,23961
1996,VI,0
1996,VT,1711
1996,WA,13431
1996,WI,16050
1996,WV,4203
1996,WY,1880
1997,AK,1301
1997,AL,13172
1997,AR,6767
1997,AS,0
1997,AZ,14326
1997,CA,88912
1997,CO,13675
1997,CT,7901
1997,CZ,0
1997,DC,5104
1997,DE,1907
1997,FL,62659
1997,FS,0
1997,GA,44212
1997,GM,0
1997,HI,3920
1997,IA,7241
1997,ID,3100
1997,IL,39549
1997,IN,15367
1997,KS,9186
1997,KY,9856
1997,LA,19316
1997,MA,19675
1997,MD,18471
1997,ME,2698
1997,MI,27723
1997,MN,11502
1997,MO,16646
1997,MP,0
1997,MS,7966
1997,MT,2575
1997,NB,4622
1997,NC,27122
1997,ND,1560
1997,NH,2927
1997,NJ,37302
1997,NM,5477
1997,NV,5990
1997,NY,87815
1997,OH,34402
1997,OK,10038
1997,OR,7437
1997,OT,0
1997,PA,28956
1997,PR,0
1997,RI,2917
1997,SC,11887
1997,SD,1766
1997,TN,22106
1997,TX,71082
1997,UT,6778
1997,VA,24276
1997,VI,0
1997,VT,1320
1997,WA,13611
1997,WI,16484
1997,WV,4136
1997,WY,1886
1998,AK,1772
1998,AL,14886
1998,AR,8167
1998,AS,0
1998,AZ,16938
1998,CA,100944
1998,CO,14800
1998,CT,11674
1998,CZ,0
1998,DC,4879
1998,DE,3016
1998,FL,63787
1998,FS,0
1998,GA,45055
1998,GM,0
1998,HI,3890
1998,IA,7138
1998,ID,3499
1998,IL,43729
1998,IN,16741
1998,KS,9457
1998,KY,9972
1998,LA,20000
1998,MA,20121
1998,MD,18845
1998,ME,2814
1998,MI,28318
1998,MN,12064
1998,MO,17043
1998,MP,0
1998,MS,8436
1998,MT,2614
1998,NB,4493
1998,NC,26922
1998,ND,1544
1998,NH,3115
1998,NJ,37625
1998,NM,5768
1998,NV,6590
1998,NY,83385
1998,OH,34026
1998,OK,10252
1998,OR,7598
1998,OT,0
1998,PA,29457
1998,PR,0
1998,RI,3006
1998,SC,12767
1998,SD,1783
1998,TN,26373
1998,TX,72561
1998,UT,7688
1998,VA,23640
1998,VI,0
1998,VT,1266
1998,WA,13987
1998,WI,16740
1998,WV,4944
1998,WY,1797
1999,AK,1857
1999,AL,15098
1999,AR,8865
1999,AS,0
1999,AZ,17705
1999,CA,110984
1999,CO,15630
1999,CT,10978
1999,CZ,0
1999,DC,4899
1999,DE,3370
1999,FL,65898
1999,FS,0
1999,GA,34248
1999,GM,0
1999,HI,3974
1999,IA,7626
1999,ID,3590
1999,IL,43982
1999,IN,16861
1999,KS,9694
1999,KY,10203
1999,LA,20891
1999,MA,20495
1999,MD,19006
1999,ME,2858
1999,MI,29580
1999,MN,12315
1999,MO,17329
1999,MP,0
1999,MS,8801
1999,MT,2673
1999,NB,4443
1999,NC,28783
1999,ND,1593
1999,NH,3517
1999,NJ,38411
1999,NM,5905
1999,NV,6791
1999,NY,93513
1999,OH,34946
1999,OK,10285
1999,OR,7778
1999,OT,0
1999,PA,30402
1999,PR,0
1999,RI,3048
1999,SC,13919
1999,SD,1833
1999,TN,30304
1999,TX,74432
1999,UT,8154
1999,VA,25619
1999,VI,0
1999,VT,1304
1999,WA,14313
1999,WI,19558
1999,WV,4665
1999,WY,1859
2000,AK,1833
2000,AL,15321
2000,AR,8867
2000,AS,0
2000,AZ,18049
2000,CA,109194
2000,CO,16463
2000,CT,12154
2000,CZ,0
2000,DC,5290
2000,DE,3662
2000,FL,67639
2000,FS,0
2000,GA,35771
2000,GM,331
2000,HI,4143
2000,IA,7851
2000,ID,3628
2000,IL,50504
2000,IN,17511
2000,KS,12196
2000,KY,10670
2000,LA,21170
2000,MA,21135
2000,MD,19458
2000,ME,2941
2000,MI,30973
2000,MN,12602
2000,MO,17291
2000,MP,0
2000,MS,8784
2000,MT,2647
2000,NB,4724
2000,NC,28626
2000,ND,1610
2000,NH,3512
2000,NJ,38869
2000,NM,5858
2000,NV,7153
2000,NY,89114
2000,OH,35570
2000,OK,10501
2000,OR,7934
2000,OT,0
2000,PA,30514
2000,PR,0
2000,RI,3128
2000,SC,14614
2000,SD,2076
2000,TN,31950
2000,TX,75794
2000,UT,8435
2000,VA,22497
2000,VI,0
2000,VT,1414
2000,WA,14679
2000,WI,17865
2000,WV,4469
2000,WY,1844
2001,AK,1865
2001,AL,15444
2001,AR,9568
2001,AS,0
2001,AZ,18637
2001,CA,109618
2001,CO,17525
2001,CT,11986
2001,CZ,0
2001,DC,5456
2001,DE,3911
2001,FL,66866
2001,FS,0
2001,GA,49914
2001,GM,0
2001,HI,4055
2001,IA,8002
2001,ID,3812
2001,IL,51074
2001,IN,18147
2001,KS,12481
2001,KY,11205
2001,LA,21430
2001,MA,20895
2001,MD,19896
2001,ME,2928
2001,MI,30166
2001,MN,12920
2001,MO,17678
2001,MP,0
2001,MS,9289
2001,MT,2823
2001,NB,4850
2001,NC,30040
2001,ND,1573
2001,NH,3818
2001,NJ,39580
2001,NM,5589
2001,NV,7533
2001,NY,90620
2001,OH,36711
2001,OK,10708
2001,OR,8218
2001,OT,0
2001,PA,30709
2001,PR,0
2001,RI,3083
2001,SC,15106
2001,SD,2198
2001,TN,25345
2001,TX,77935
2001,UT,8369
2001,VA,23025
2001,VI,0
2001,VT,1368
2001,WA,14940
2001,WI,18098
2001,WV,4505
2001,WY,2046
2002,AK,1904
2002,AL,15419
2002,AR,10044
2002,AS,0
2002,AZ,18835
2002,CA,117192
2002,CO,16789
2002,CT,12138
2002,CZ,0
2002,DC,5636
2002,DE,4249
2002,FL,71558
2002,FS,0
2002,GA,34710
2002,GM,0
2002,HI,4078
2002,IA,7959
2002,ID,3867
2002,IL,50719
2002,IN,18490
2002,KS,11696
2002,KY,11499
2002,LA,23139
2002,MA,21323
2002,MD,20269
2002,ME,2996
2002,MI,33398
2002,MN,13180
2002,MO,19097
2002,MP,0
2002,MS,9305
2002,MT,2877
2002,NB,4876
2002,NC,30198
2002,ND,1613
2002,NH,4140
2002,NJ,39614
2002,NM,5681
2002,NV,8332
2002,NY,88000
2002,OH,36916
2002,OK,10730
2002,OR,8228
2002,OT,0
2002,PA,31413
2002,PR,0
2002,RI,3135
2002,SC,15280
2002,SD,2200
2002,TN,26313
2002,TX,79076
2002,UT,7011
2002,VA,22817
2002,VI,0
2002,VT,1449
2002,WA,14779
2002,WI,18209
2002,WV,4468
2002,WY,2029
2003,AK,1856
2003,AL,15727
2003,AR,11094
2003,AS,0
2003,AZ,19151
2003,CA,117891
2003,CO,16783
2003,CT,10580
2003,CZ,0
2003,DC,5416
2003,DE,4281
2003,FL,70303
2003,FS,0
2003,GA,50405
2003,GM,0
2003,HI,4098
2003,IA,7976
2003,ID,3882
2003,IL,50791
2003,IN,18465
2003,KS,11973
2003,KY,13751
2003,LA,22408
2003,MA,20313
2003,MD,20042
2003,ME,3029
2003,MI,32288
2003,MN,13028
2003,MO,19269
2003,MP,0
2003,MS,9210
2003,MT,3030
2003,NB,5061
2003,NC,30908
2003,ND,1633
2003,NH,3432
2003,NJ,40515
2003,NM,5639
2003,NV,7876
2003,NY,76285
2003,OH,36826
2003,OK,10648
2003,OR,8436
2003,OT,0
2003,PA,31319
2003,PR,0
2003,RI,3153
2003,SC,15113
2003,SD,2078
2003,TN,25598
2003,TX,81864
2003,UT,7522
2003,VA,23348
2003,VI,0
2003,VT,1423
2003,WA,15085
2003,WI,20632
2003,WV,4714
2003,WY,2150
2004,AK,1940
2004,AL,15971
2004,AR,10492
2004,AS,0
2004,AZ,20539
2004,CA,116078
2004,CO,17101
2004,CT,10452
2004,CZ,0
2004,DC,5589
2004,DE,4070
2004,FL,73681
2004,FS,0
2004,GA,50073
2004,GM,0
2004,HI,3952
2004,IA,7822
2004,ID,4187
2004,IL,50717
2004,IN,18563
2004,KS,11107
2004,KY,13167
2004,LA,22935
2004,MA,20647
2004,MD,22427
2004,ME,3049
2004,MI,32039
2004,MN,13214
2004,MO,19294
2004,MP,0
2004,MS,9610
2004,MT,4357
2004,NB,5116
2004,NC,31879
2004,ND,1750
2004,NH,3388
2004,NJ,40787
2004,NM,5753
2004,NV,8065
2004,NY,88051
2004,OH,37208
2004,OK,10611
2004,OR,8060
2004,OT,0
2004,PA,31248
2004,PR,0
2004,RI,4656
2004,SC,16210
2004,SD,2700
2004,TN,26131
2004,TX,81706
2004,UT,7453
2004,VA,23334
2004,VI,0
2004,VT,1434
2004,WA,14568
2004,WI,18631
2004,WV,4368
2004,WY,2007
2005,AK,1885
2005,AL,15915
2005,AR,10462
2005,AS,0
2005,AZ,21636
2005,CA,116751
2005,CO,17355
2005,CT,10358
2005,CZ,0
2005,DC,5524
2005,DE,4129
2005,FL,73306
2005,FS,0
2005,GA,50450
2005,GM,0
2005,HI,4093
2005,IA,7930
2005,ID,4471
2005,IL,51926
2005,IN,18130
2005,KS,11513
2005,KY,13081
2005,LA,21721
2005,MA,20400
2005,MD,20394
2005,ME,2964
2005,MI,31004
2005,MN,12933
2005,MO,19178
2005,MP,0
2005,MS,9647
2005,MT,3085
2005,NB,5069
2005,NC,32345
2005,ND,1678
2005,NH,3457
2005,NJ,41407
2005,NM,5963
2005,NV,8558
2005,NY,88304
2005,OH,36771
2005,OK,11132
2005,OR,8261
2005,OT,0
2005,PA,31450
2005,PR,0
2005,RI,3225
2005,SC,16455
2005,SD,2713
2005,TN,26221
2005,TX,82915
2005,UT,7535
2005,VA,23156
2005,VI,0
2005,VT,1709
2005,WA,14834
2005,WI,18408
2005,WV,4361
2005,WY,1837
2006,AK,1981
2006,AL,16230
2006,AR,10437
2006,AS,0
2006,AZ,22182
2006,CA,119434
2006,CO,17590
2006,CT,10407
2006,CZ,0
2006,DC,5593
2006,DE,3918
2006,FL,77345
2006,FS,0
2006,GA,51399
2006,GM,0
2006,HI,4179
2006,IA,8003
2006,ID,4325
2006,IL,52265
2006,IN,18241
2006,KS,12319
2006,KY,13191
2006,LA,21613
2006,MA,20838
2006,MD,23042
2006,ME,3090
2006,MI,30285
2006,MN,13317
2006,MO,19712
2006,MP,0
2006,MS,9838
2006,MT,3038
2006,NB,5114
2006,NC,33066
2006,ND,1669
2006,NH,3525
2006,NJ,40709
2006,NM,5863
2006,NV,9100
2006,NY,89109
2006,OH,37115
2006,OK,11186
2006,OR,9133
2006,OT,0
2006,PA,31823
2006,PR,0
2006,RI,3236
2006,SC,16269
2006,SD,2518
2006,TN,26052
2006,TX,83496
2006,UT,7677
2006,VA,23850
2006,VI,0
2006,VT,1593
2006,WA,14748
2006,WI,19050
2006,WV,4672
2006,WY,1907
2007,AK,1935
2007,AL,16672
2007,AR,10500
2007,AS,0
2007,AZ,23108
2007,CA,124472
2007,CO,18165
2007,CT,10665
2007,CZ,0
2007,DC,5734
2007,DE,3945
2007,FL,75414
2007,FS,0
2007,GA,52777
2007,GM,0
2007,HI,4203
2007,IA,8188
2007,ID,4466
2007,IL,53748
2007,IN,17979
2007,KS,12478
2007,KY,14330
2007,LA,22741
2007,MA,21293
2007,MD,21340
2007,ME,3238
2007,MI,30285
2007,MN,13641
2007,MO,22436
2007,MP,0
2007,MS,9797
2007,MT,2978
2007,NB,4944
2007,NC,33639
2007,ND,1755
2007,NH,3853
2007,NJ,42323
2007,NM,6023
2007,NV,9557
2007,NY,89579
2007,OH,37689
2007,OK,11453
2007,OR,11362
2007,OT,0
2007,PA,32447
2007,PR,0
2007,RI,3271
2007,SC,16591
2007,SD,2366
2007,TN,31984
2007,TX,87961
2007,UT,7980
2007,VA,24208
2007,VI,0
2007,VT,1600
2007,WA,14902
2007,WI,19436
2007,WV,4610
2007,WY,2136
2008,AK,2007
2008,AL,17002
2008,AR,10126
2008,AS,0
2008,AZ,23660
2008,CA,127049
2008,CO,18787
2008,CT,10824
2008,CZ,0
2008,DC,5925
2008,DE,3988
2008,FL,75539
2008,FS,0
2008,GA,53732
2008,GM,0
2008,HI,4320
2008,IA,8413
2008,ID,4863
2008,IL,52821
2008,IN,18293
2008,KS,12428
2008,KY,15574
2008,LA,23413
2008,MA,20997
2008,MD,21536
2008,ME,3033
2008,MI,30444
2008,MN,13824
2008,MO,22848
2008,MP,0
2008,MS,9948
2008,MT,2995
2008,NB,5029
2008,NC,34784
2008,ND,1749
2008,NH,3743
2008,NJ,41749
2008,NM,6103
2008,NV,8861
2008,NY,85939
2008,OH,38560
2008,OK,11993
2008,OR,11628
2008,OT,0
2008,PA,32215
2008,PR,0
2008,RI,3253
2008,SC,16981
2008,SD,2345
2008,TN,26974
2008,TX,88490
2008,UT,7845
2008,VA,24594
2008,VI,0
2008,VT,1520
2008,WA,17277
2008,WI,19243
2008,WV,4562
2008,WY,2076
2009,AK,2024
2009,AL,17309
2009,AR,10243
2009,AS,0
2009,AZ,23169
2009,CA,125397
2009,CO,19026
2009,CT,10615
2009,CZ,0
2009,DC,5947
2009,DE,3954
2009,FL,75118
2009,FS,0
2009,GA,55212
2009,GM,0
2009,HI,4327
2009,IA,8474
2009,ID,4626
2009,IL,51519
2009,IN,18557
2009,KS,12076
2009,KY,13059
2009,LA,24329
2009,MA,19947
2009,MD,21354
2009,ME,2948
2009,MI,29430
2009,MN,13844
2009,MO,23190
2009,MP,0
2009,MS,10229
2009,MT,3133
2009,NB,5219
2009,NC,35469
2009,ND,1787
2009,NH,3645
2009,NJ,42212
2009,NM,6841
2009,NV,10135
2009,NY,86776
2009,OH,36577
2009,OK,12312
2009,OR,11548
2009,OT,0
2009,PA,32284
2009,PR,17947
2009,RI,3204
2009,SC,16467
2009,SD,2376
2009,TN,27284
2009,TX,91293
2009,UT,7996
2009,VA,24342
2009,VI,0
2009,VT,1620
2009,WA,17003
2009,WI,19449
2009,WV,4857
2009,WY,2118
2010,AK,1988
2010,AL,16666
2010,AR,10369
2010,AS,0
2010,AZ,22476
2010,CA,122445
2010,CO,18753
2010,CT,10573
2010,CZ,0
2010,DC,5212
2010,DE,4866
2010,FL,75351
2010,FS,0
2010,GA,54373
2010,GM,0
2010,HI,4250
2010,IA,8444
2010,ID,4862
2010,IL,50068
2010,IN,18268
2010,KS,11855
2010,KY,12553
2010,LA,23359
2010,MA,19976
2010,MD,21218
2010,ME,2905
2010,MI,28628
2010,MN,13653
2010,MO,23036
2010,MP,0
2010,MS,10735
2010,MT,3158
2010,NB,5136
2010,NC,35656
2010,ND,1921
2010,NH,3583
2010,NJ,40591
2010,NM,6245
2010,NV,9893
2010,NY,85528
2010,OH,35614
2010,OK,12124
2010,OR,11539
2010,OT,0
2010,PA,32077
2010,PR,0
2010,RI,3177
2010,SC,16708
2010,SD,2470
2010,TN,27551
2010,TX,90976
2010,UT,7328
2010,VA,24312
2010,VI,604
2010,VT,1654
2010,WA,17883
2010,WI,19594
2010,WV,5044
2010,WY,2008
2011,AK,2034
2011,AL,17170
2011,AR,10204
2011,AS,0
2011,AZ,21980
2011,CA,118469
2011,CO,18971
2011,CT,10284
2011,CZ,0
2011,DC,5654
2011,DE,4765
2011,FL,73720
2011,FS,0
2011,GA,54677
2011,GM,0
2011,HI,4258
2011,IA,8142
2011,ID,4687
2011,IL,48872
2011,IN,18111
2011,KS,11740
2011,KY,11777
2011,LA,23139
2011,MA,20141
2011,MD,21101
2011,ME,2930
2011,MI,27714
2011,MN,13561
2011,MO,22609
2011,MP,0
2011,MS,9843
2011,MT,3179
2011,NB,5229
2011,NC,35950
2011,ND,1938
2011,NH,3654
2011,NJ,38318
2011,NM,6340
2011,NV,9250
2011,NY,84130
2011,OH,35312
2011,OK,13383
2011,OR,32767
2011,OT,0
2011,PA,33298
2011,PR,18275
2011,RI,3104
2011,SC,17747
2011,SD,2864
2011,TN,27702
2011,TX,90929
2011,UT,7770
2011,VA,24523
2011,VI,639
2011,VT,1628
2011,WA,18553
2011,WI,19285
2011,WV,4857
2011,WY,2243
2012,AK,2020
2012,AL,17015
2012,AR,10365
2012,AS,0
2012,AZ,23370
2012,CA,118594
2012,CO,18519
2012,CT,10331
2012,CZ,0
2012,DC,5711
2012,DE,3233
2012,FL,76516
2012,FS,0
2012,GA,54092
2012,GM,0
2012,HI,4245
2012,IA,8426
2012,ID,4728
2012,IL,48867
2012,IN,17212
2012,KS,11571
2012,KY,11895
2012,LA,23144
2012,MA,19964
2012,MD,23065
2012,ME,2891
2012,MI,27185
2012,MN,13642
2012,MO,22313
2012,MP,0
2012,MS,9793
2012,MT,2988
2012,NB,5205
2012,NC,36237
2012,ND,2013
2012,NH,3605
2012,NJ,38532
2012,NM,6321
2012,NV,9467
2012,NY,83587
2012,OH,34823
2012,OK,13461
2012,OR,11346
2012,OT,0
2012,PA,31796
2012,PR,17328
2012,RI,3073
2012,SC,17759
2012,SD,2815
2012,TN,28169
2012,TX,88784
2012,UT,7197
2012,VA,24559
2012,VI,619
2012,VT,1782
2012,WA,15993
2012,WI,18939
2012,WV,4671
2012,WY,2115
2013,AK,1995
2013,AL,17304
2013,AR,10599
2013,AS,0
2013,AZ,21681
2013,CA,118684
2013,CO,18551
2013,CT,10379
2013,CZ,0
2013,DC,5800
2013,DE,3375
2013,FL,76315
2013,FS,0
2013,GA,52443
2013,GM,0
2013,HI,4183
2013,IA,8296
2013,ID,4684
2013,IL,44229
2013,IN,16944
2013,KS,11578
2013,KY,11517
2013,LA,21771
2013,MA,20159
2013,MD,25674
2013,ME,2881
2013,MI,27153
2013,MN,13527
2013,MO,22760
2013,MP,0
2013,MS,9721
2013,MT,2894
2013,NB,5295
2013,NC,35965
2013,ND,2049
2013,NH,3635
2013,NJ,37720
2013,NM,5863
2013,NV,8832
2013,NY,83767
2013,OH,34190
2013,OK,12617
2013,OR,12099
2013,OT,0
2013,PA,31603
2013,PR,15334
2013,RI,3069
2013,SC,17915
2013,SD,2692
2013,TN,28561
2013,TX,92009
2013,UT,6592
2013,VA,24660
2013,VI,562
2013,VT,1724
2013,WA,15195
2013,WI,18331
2013,WV,4722
2013,WY,2368
2014,AK,2009
2014,AL,17097
2014,AR,10723
2014,AS,0
2014,AZ,22954
2014,CA,120077
2014,CO,18827
2014,CT,10639
2014,CZ,0
2014,DC,5785
2014,DE,4165
2014,FL,75152
2014,FS,0
2014,GA,52985
2014,GM,0
2014,HI,4301
2014,IA,8400
2014,ID,4671
2014,IL,47872
2014,IN,16976
2014,KS,12531
2014,KY,12503
2014,LA,22913
2014,MA,20763
2014,MD,21398
2014,ME,2873
2014,MI,27034
2014,MN,14493
2014,MO,23022
2014,MP,0
2014,MS,9654
2014,MT,3053
2014,NB,5583
2014,NC,36817
2014,ND,2230
2014,NH,3630
2014,NJ,39620
2014,NM,6299
2014,NV,9026
2014,NY,83613
2014,OH,34165
2014,OK,12579
2014,OR,13187
2014,OT,0
2014,PA,32118
2014,PR,15304
2014,RI,3139
2014,SC,16452
2014,SD,2940
2014,TN,28591
2014,TX,86435
2014,UT,7217
2014,VA,24900
2014,VI,519
2014,VT,1667
2014,WA,15568
2014,WI,18652
2014,WV,4495
2014,WY,2390
